accession	source
BGC0000001	MIBiG
BGC0000002	MIBiG
BGC0000003	MIBiG
BGC0000004	MIBiG
BGC0000006	MIBiG
BGC0000007	MIBiG
BGC0000008	MIBiG
BGC0000009	MIBiG
BGC0000010	MIBiG
BGC0000011	MIBiG
BGC0000012	MIBiG
BGC0000013	MIBiG
BGC0000014	MIBiG
BGC0000016	MIBiG
BGC0000017	MIBiG
BGC0000018	MIBiG
BGC0000019	MIBiG
BGC0000020	MIBiG
BGC0000021	MIBiG
BGC0000022	MIBiG
BGC0000023	MIBiG
BGC0000024	MIBiG
BGC0000026	MIBiG
BGC0000027	MIBiG
BGC0000028	MIBiG
BGC0000029	MIBiG
BGC0000030	MIBiG
BGC0000031	MIBiG
BGC0000032	MIBiG
BGC0000033	MIBiG
BGC0000034	MIBiG
BGC0000035	MIBiG
BGC0000036	MIBiG
BGC0000037	MIBiG
BGC0000038	MIBiG
BGC0000039	MIBiG
BGC0000040	MIBiG
BGC0000041	MIBiG
BGC0000042	MIBiG
BGC0000043	MIBiG
BGC0000044	MIBiG
BGC0000045	MIBiG
BGC0000046	MIBiG
BGC0000047	MIBiG
BGC0000048	MIBiG
BGC0000050	MIBiG
BGC0000051	MIBiG
BGC0000052	MIBiG
BGC0000053	MIBiG
BGC0000054	MIBiG
BGC0000055	MIBiG
BGC0000056	MIBiG
BGC0000057	MIBiG
BGC0000058	MIBiG
BGC0000059	MIBiG
BGC0000060	MIBiG
BGC0000062	MIBiG
BGC0000063	MIBiG
BGC0000064	MIBiG
BGC0000065	MIBiG
BGC0000066	MIBiG
BGC0000067	MIBiG
BGC0000068	MIBiG
BGC0000069	MIBiG
BGC0000070	MIBiG
BGC0000072	MIBiG
BGC0000073	MIBiG
BGC0000074	MIBiG
BGC0000075	MIBiG
BGC0000076	MIBiG
BGC0000077	MIBiG
BGC0000078	MIBiG
BGC0000079	MIBiG
BGC0000080	MIBiG
BGC0000081	MIBiG
BGC0000082	MIBiG
BGC0000083	MIBiG
BGC0000084	MIBiG
BGC0000085	MIBiG
BGC0000086	MIBiG
BGC0000087	MIBiG
BGC0000088	MIBiG
BGC0000090	MIBiG
BGC0000091	MIBiG
BGC0000092	MIBiG
BGC0000093	MIBiG
BGC0000094	MIBiG
BGC0000096	MIBiG
BGC0000097	MIBiG
BGC0000098	MIBiG
BGC0000099	MIBiG
BGC0000100	MIBiG
BGC0000101	MIBiG
BGC0000102	MIBiG
BGC0000103	MIBiG
BGC0000104	MIBiG
BGC0000105	MIBiG
BGC0000106	MIBiG
BGC0000107	MIBiG
BGC0000109	MIBiG
BGC0000110	MIBiG
BGC0000111	MIBiG
BGC0000112	MIBiG
BGC0000113	MIBiG
BGC0000114	MIBiG
BGC0000115	MIBiG
BGC0000116	MIBiG
BGC0000117	MIBiG
BGC0000118	MIBiG
BGC0000119	MIBiG
BGC0000120	MIBiG
BGC0000121	MIBiG
BGC0000122	MIBiG
BGC0000123	MIBiG
BGC0000124	MIBiG
BGC0000125	MIBiG
BGC0000126	MIBiG
BGC0000127	MIBiG
BGC0000128	MIBiG
BGC0000129	MIBiG
BGC0000130	MIBiG
BGC0000131	MIBiG
BGC0000132	MIBiG
BGC0000133	MIBiG
BGC0000134	MIBiG
BGC0000135	MIBiG
BGC0000136	MIBiG
BGC0000137	MIBiG
BGC0000138	MIBiG
BGC0000140	MIBiG
BGC0000141	MIBiG
BGC0000142	MIBiG
BGC0000143	MIBiG
BGC0000144	MIBiG
BGC0000145	MIBiG
BGC0000146	MIBiG
BGC0000147	MIBiG
BGC0000148	MIBiG
BGC0000149	MIBiG
BGC0000150	MIBiG
BGC0000151	MIBiG
BGC0000152	MIBiG
BGC0000153	MIBiG
BGC0000154	MIBiG
BGC0000156	MIBiG
BGC0000157	MIBiG
BGC0000158	MIBiG
BGC0000159	MIBiG
BGC0000160	MIBiG
BGC0000161	MIBiG
BGC0000162	MIBiG
BGC0000163	MIBiG
BGC0000164	MIBiG
BGC0000165	MIBiG
BGC0000166	MIBiG
BGC0000167	MIBiG
BGC0000168	MIBiG
BGC0000170	MIBiG
BGC0000171	MIBiG
BGC0000172	MIBiG
BGC0000173	MIBiG
BGC0000174	MIBiG
BGC0000175	MIBiG
BGC0000176	MIBiG
BGC0000177	MIBiG
BGC0000178	MIBiG
BGC0000179	MIBiG
BGC0000180	MIBiG
BGC0000181	MIBiG
BGC0000182	MIBiG
BGC0000184	MIBiG
BGC0000185	MIBiG
BGC0000186	MIBiG
BGC0000187	MIBiG
BGC0000188	MIBiG
BGC0000189	MIBiG
BGC0000190	MIBiG
BGC0000191	MIBiG
BGC0000192	MIBiG
BGC0000193	MIBiG
BGC0000194	MIBiG
BGC0000195	MIBiG
BGC0000196	MIBiG
BGC0000197	MIBiG
BGC0000198	MIBiG
BGC0000199	MIBiG
BGC0000200	MIBiG
BGC0000201	MIBiG
BGC0000202	MIBiG
BGC0000203	MIBiG
BGC0000204	MIBiG
BGC0000205	MIBiG
BGC0000207	MIBiG
BGC0000208	MIBiG
BGC0000209	MIBiG
BGC0000210	MIBiG
BGC0000211	MIBiG
BGC0000212	MIBiG
BGC0000213	MIBiG
BGC0000214	MIBiG
BGC0000215	MIBiG
BGC0000216	MIBiG
BGC0000217	MIBiG
BGC0000218	MIBiG
BGC0000219	MIBiG
BGC0000220	MIBiG
BGC0000221	MIBiG
BGC0000222	MIBiG
BGC0000223	MIBiG
BGC0000224	MIBiG
BGC0000225	MIBiG
BGC0000226	MIBiG
BGC0000227	MIBiG
BGC0000229	MIBiG
BGC0000231	MIBiG
BGC0000232	MIBiG
BGC0000233	MIBiG
BGC0000234	MIBiG
BGC0000235	MIBiG
BGC0000236	MIBiG
BGC0000237	MIBiG
BGC0000238	MIBiG
BGC0000239	MIBiG
BGC0000240	MIBiG
BGC0000241	MIBiG
BGC0000242	MIBiG
BGC0000243	MIBiG
BGC0000244	MIBiG
BGC0000245	MIBiG
BGC0000247	MIBiG
BGC0000248	MIBiG
BGC0000249	MIBiG
BGC0000252	MIBiG
BGC0000253	MIBiG
BGC0000254	MIBiG
BGC0000255	MIBiG
BGC0000256	MIBiG
BGC0000257	MIBiG
BGC0000258	MIBiG
BGC0000259	MIBiG
BGC0000260	MIBiG
BGC0000261	MIBiG
BGC0000262	MIBiG
BGC0000263	MIBiG
BGC0000264	MIBiG
BGC0000265	MIBiG
BGC0000266	MIBiG
BGC0000267	MIBiG
BGC0000268	MIBiG
BGC0000269	MIBiG
BGC0000270	MIBiG
BGC0000271	MIBiG
BGC0000272	MIBiG
BGC0000273	MIBiG
BGC0000274	MIBiG
BGC0000275	MIBiG
BGC0000277	MIBiG
BGC0000278	MIBiG
BGC0000279	MIBiG
BGC0000280	MIBiG
BGC0000281	MIBiG
BGC0000282	MIBiG
BGC0000283	MIBiG
BGC0000285	MIBiG
BGC0000286	MIBiG
BGC0000287	MIBiG
BGC0000288	MIBiG
BGC0000289	MIBiG
BGC0000290	MIBiG
BGC0000291	MIBiG
BGC0000292	MIBiG
BGC0000293	MIBiG
BGC0000294	MIBiG
BGC0000295	MIBiG
BGC0000296	MIBiG
BGC0000297	MIBiG
BGC0000298	MIBiG
BGC0000300	MIBiG
BGC0000301	MIBiG
BGC0000302	MIBiG
BGC0000303	MIBiG
BGC0000304	MIBiG
BGC0000305	MIBiG
BGC0000306	MIBiG
BGC0000307	MIBiG
BGC0000308	MIBiG
BGC0000309	MIBiG
BGC0000310	MIBiG
BGC0000311	MIBiG
BGC0000312	MIBiG
BGC0000313	MIBiG
BGC0000315	MIBiG
BGC0000316	MIBiG
BGC0000319	MIBiG
BGC0000320	MIBiG
BGC0000321	MIBiG
BGC0000322	MIBiG
BGC0000323	MIBiG
BGC0000324	MIBiG
BGC0000325	MIBiG
BGC0000326	MIBiG
BGC0000327	MIBiG
BGC0000328	MIBiG
BGC0000329	MIBiG
BGC0000330	MIBiG
BGC0000331	MIBiG
BGC0000332	MIBiG
BGC0000333	MIBiG
BGC0000334	MIBiG
BGC0000335	MIBiG
BGC0000336	MIBiG
BGC0000337	MIBiG
BGC0000339	MIBiG
BGC0000340	MIBiG
BGC0000341	MIBiG
BGC0000342	MIBiG
BGC0000343	MIBiG
BGC0000344	MIBiG
BGC0000345	MIBiG
BGC0000346	MIBiG
BGC0000347	MIBiG
BGC0000348	MIBiG
BGC0000349	MIBiG
BGC0000350	MIBiG
BGC0000351	MIBiG
BGC0000352	MIBiG
BGC0000353	MIBiG
BGC0000354	MIBiG
BGC0000355	MIBiG
BGC0000357	MIBiG
BGC0000359	MIBiG
BGC0000360	MIBiG
BGC0000362	MIBiG
BGC0000363	MIBiG
BGC0000364	MIBiG
BGC0000365	MIBiG
BGC0000366	MIBiG
BGC0000367	MIBiG
BGC0000368	MIBiG
BGC0000369	MIBiG
BGC0000371	MIBiG
BGC0000372	MIBiG
BGC0000373	MIBiG
BGC0000374	MIBiG
BGC0000375	MIBiG
BGC0000376	MIBiG
BGC0000377	MIBiG
BGC0000378	MIBiG
BGC0000379	MIBiG
BGC0000380	MIBiG
BGC0000381	MIBiG
BGC0000382	MIBiG
BGC0000383	MIBiG
BGC0000384	MIBiG
BGC0000385	MIBiG
BGC0000386	MIBiG
BGC0000387	MIBiG
BGC0000388	MIBiG
BGC0000391	MIBiG
BGC0000392	MIBiG
BGC0000393	MIBiG
BGC0000394	MIBiG
BGC0000395	MIBiG
BGC0000396	MIBiG
BGC0000397	MIBiG
BGC0000398	MIBiG
BGC0000399	MIBiG
BGC0000400	MIBiG
BGC0000401	MIBiG
BGC0000402	MIBiG
BGC0000403	MIBiG
BGC0000404	MIBiG
BGC0000405	MIBiG
BGC0000407	MIBiG
BGC0000408	MIBiG
BGC0000409	MIBiG
BGC0000410	MIBiG
BGC0000411	MIBiG
BGC0000412	MIBiG
BGC0000413	MIBiG
BGC0000414	MIBiG
BGC0000415	MIBiG
BGC0000416	MIBiG
BGC0000417	MIBiG
BGC0000418	MIBiG
BGC0000419	MIBiG
BGC0000420	MIBiG
BGC0000421	MIBiG
BGC0000422	MIBiG
BGC0000423	MIBiG
BGC0000424	MIBiG
BGC0000425	MIBiG
BGC0000426	MIBiG
BGC0000427	MIBiG
BGC0000428	MIBiG
BGC0000429	MIBiG
BGC0000430	MIBiG
BGC0000431	MIBiG
BGC0000432	MIBiG
BGC0000433	MIBiG
BGC0000434	MIBiG
BGC0000435	MIBiG
BGC0000436	MIBiG
BGC0000437	MIBiG
BGC0000438	MIBiG
BGC0000439	MIBiG
BGC0000440	MIBiG
BGC0000441	MIBiG
BGC0000442	MIBiG
BGC0000443	MIBiG
BGC0000444	MIBiG
BGC0000445	MIBiG
BGC0000446	MIBiG
BGC0000447	MIBiG
BGC0000448	MIBiG
BGC0000449	MIBiG
BGC0000450	MIBiG
BGC0000451	MIBiG
BGC0000452	MIBiG
BGC0000453	MIBiG
BGC0000454	MIBiG
BGC0000455	MIBiG
BGC0000457	MIBiG
BGC0000459	MIBiG
BGC0000460	MIBiG
BGC0000461	MIBiG
BGC0000464	MIBiG
BGC0000465	MIBiG
BGC0000466	MIBiG
BGC0000467	MIBiG
BGC0000468	MIBiG
BGC0000469	MIBiG
BGC0000470	MIBiG
BGC0000471	MIBiG
BGC0000472	MIBiG
BGC0000473	MIBiG
BGC0000474	MIBiG
BGC0000475	MIBiG
BGC0000476	MIBiG
BGC0000477	MIBiG
BGC0000478	MIBiG
BGC0000479	MIBiG
BGC0000480	MIBiG
BGC0000482	MIBiG
BGC0000483	MIBiG
BGC0000484	MIBiG
BGC0000485	MIBiG
BGC0000486	MIBiG
BGC0000487	MIBiG
BGC0000488	MIBiG
BGC0000489	MIBiG
BGC0000490	MIBiG
BGC0000491	MIBiG
BGC0000492	MIBiG
BGC0000493	MIBiG
BGC0000494	MIBiG
BGC0000495	MIBiG
BGC0000496	MIBiG
BGC0000497	MIBiG
BGC0000498	MIBiG
BGC0000499	MIBiG
BGC0000500	MIBiG
BGC0000501	MIBiG
BGC0000502	MIBiG
BGC0000503	MIBiG
BGC0000504	MIBiG
BGC0000505	MIBiG
BGC0000506	MIBiG
BGC0000507	MIBiG
BGC0000508	MIBiG
BGC0000509	MIBiG
BGC0000510	MIBiG
BGC0000511	MIBiG
BGC0000513	MIBiG
BGC0000514	MIBiG
BGC0000515	MIBiG
BGC0000516	MIBiG
BGC0000517	MIBiG
BGC0000518	MIBiG
BGC0000519	MIBiG
BGC0000520	MIBiG
BGC0000521	MIBiG
BGC0000522	MIBiG
BGC0000523	MIBiG
BGC0000525	MIBiG
BGC0000526	MIBiG
BGC0000527	MIBiG
BGC0000528	MIBiG
BGC0000529	MIBiG
BGC0000530	MIBiG
BGC0000531	MIBiG
BGC0000532	MIBiG
BGC0000533	MIBiG
BGC0000534	MIBiG
BGC0000535	MIBiG
BGC0000536	MIBiG
BGC0000537	MIBiG
BGC0000538	MIBiG
BGC0000539	MIBiG
BGC0000540	MIBiG
BGC0000541	MIBiG
BGC0000542	MIBiG
BGC0000543	MIBiG
BGC0000544	MIBiG
BGC0000545	MIBiG
BGC0000546	MIBiG
BGC0000547	MIBiG
BGC0000548	MIBiG
BGC0000549	MIBiG
BGC0000550	MIBiG
BGC0000551	MIBiG
BGC0000552	MIBiG
BGC0000553	MIBiG
BGC0000554	MIBiG
BGC0000555	MIBiG
BGC0000556	MIBiG
BGC0000557	MIBiG
BGC0000558	MIBiG
BGC0000559	MIBiG
BGC0000560	MIBiG
BGC0000561	MIBiG
BGC0000562	MIBiG
BGC0000563	MIBiG
BGC0000564	MIBiG
BGC0000565	MIBiG
BGC0000566	MIBiG
BGC0000567	MIBiG
BGC0000568	MIBiG
BGC0000569	MIBiG
BGC0000570	MIBiG
BGC0000571	MIBiG
BGC0000572	MIBiG
BGC0000573	MIBiG
BGC0000574	MIBiG
BGC0000575	MIBiG
BGC0000576	MIBiG
BGC0000577	MIBiG
BGC0000578	MIBiG
BGC0000579	MIBiG
BGC0000580	MIBiG
BGC0000581	MIBiG
BGC0000582	MIBiG
BGC0000583	MIBiG
BGC0000584	MIBiG
BGC0000585	MIBiG
BGC0000586	MIBiG
BGC0000587	MIBiG
BGC0000588	MIBiG
BGC0000589	MIBiG
BGC0000590	MIBiG
BGC0000591	MIBiG
BGC0000592	MIBiG
BGC0000593	MIBiG
BGC0000594	MIBiG
BGC0000595	MIBiG
BGC0000597	MIBiG
BGC0000598	MIBiG
BGC0000599	MIBiG
BGC0000600	MIBiG
BGC0000601	MIBiG
BGC0000602	MIBiG
BGC0000603	MIBiG
BGC0000604	MIBiG
BGC0000605	MIBiG
BGC0000606	MIBiG
BGC0000607	MIBiG
BGC0000608	MIBiG
BGC0000609	MIBiG
BGC0000610	MIBiG
BGC0000611	MIBiG
BGC0000612	MIBiG
BGC0000613	MIBiG
BGC0000614	MIBiG
BGC0000615	MIBiG
BGC0000616	MIBiG
BGC0000617	MIBiG
BGC0000618	MIBiG
BGC0000619	MIBiG
BGC0000620	MIBiG
BGC0000621	MIBiG
BGC0000622	MIBiG
BGC0000623	MIBiG
BGC0000624	MIBiG
BGC0000625	MIBiG
BGC0000626	MIBiG
BGC0000627	MIBiG
BGC0000628	MIBiG
BGC0000630	MIBiG
BGC0000631	MIBiG
BGC0000632	MIBiG
BGC0000633	MIBiG
BGC0000634	MIBiG
BGC0000635	MIBiG
BGC0000636	MIBiG
BGC0000637	MIBiG
BGC0000638	MIBiG
BGC0000639	MIBiG
BGC0000640	MIBiG
BGC0000641	MIBiG
BGC0000642	MIBiG
BGC0000643	MIBiG
BGC0000644	MIBiG
BGC0000645	MIBiG
BGC0000646	MIBiG
BGC0000647	MIBiG
BGC0000648	MIBiG
BGC0000649	MIBiG
BGC0000650	MIBiG
BGC0000651	MIBiG
BGC0000652	MIBiG
BGC0000653	MIBiG
BGC0000654	MIBiG
BGC0000656	MIBiG
BGC0000657	MIBiG
BGC0000658	MIBiG
BGC0000659	MIBiG
BGC0000660	MIBiG
BGC0000662	MIBiG
BGC0000663	MIBiG
BGC0000664	MIBiG
BGC0000665	MIBiG
BGC0000666	MIBiG
BGC0000667	MIBiG
BGC0000668	MIBiG
BGC0000669	MIBiG
BGC0000670	MIBiG
BGC0000671	MIBiG
BGC0000672	MIBiG
BGC0000673	MIBiG
BGC0000674	MIBiG
BGC0000675	MIBiG
BGC0000676	MIBiG
BGC0000677	MIBiG
BGC0000678	MIBiG
BGC0000679	MIBiG
BGC0000682	MIBiG
BGC0000683	MIBiG
BGC0000684	MIBiG
BGC0000685	MIBiG
BGC0000686	MIBiG
BGC0000687	MIBiG
BGC0000688	MIBiG
BGC0000689	MIBiG
BGC0000690	MIBiG
BGC0000692	MIBiG
BGC0000693	MIBiG
BGC0000694	MIBiG
BGC0000696	MIBiG
BGC0000698	MIBiG
BGC0000699	MIBiG
BGC0000700	MIBiG
BGC0000701	MIBiG
BGC0000702	MIBiG
BGC0000703	MIBiG
BGC0000704	MIBiG
BGC0000705	MIBiG
BGC0000706	MIBiG
BGC0000707	MIBiG
BGC0000708	MIBiG
BGC0000709	MIBiG
BGC0000711	MIBiG
BGC0000712	MIBiG
BGC0000713	MIBiG
BGC0000714	MIBiG
BGC0000715	MIBiG
BGC0000716	MIBiG
BGC0000719	MIBiG
BGC0000720	MIBiG
BGC0000721	MIBiG
BGC0000722	MIBiG
BGC0000723	MIBiG
BGC0000724	MIBiG
BGC0000725	MIBiG
BGC0000727	MIBiG
BGC0000728	MIBiG
BGC0000729	MIBiG
BGC0000730	MIBiG
BGC0000731	MIBiG
BGC0000732	MIBiG
BGC0000733	MIBiG
BGC0000734	MIBiG
BGC0000735	MIBiG
BGC0000736	MIBiG
BGC0000737	MIBiG
BGC0000738	MIBiG
BGC0000739	MIBiG
BGC0000740	MIBiG
BGC0000741	MIBiG
BGC0000742	MIBiG
BGC0000743	MIBiG
BGC0000744	MIBiG
BGC0000745	MIBiG
BGC0000746	MIBiG
BGC0000747	MIBiG
BGC0000748	MIBiG
BGC0000749	MIBiG
BGC0000751	MIBiG
BGC0000752	MIBiG
BGC0000753	MIBiG
BGC0000754	MIBiG
BGC0000755	MIBiG
BGC0000756	MIBiG
BGC0000757	MIBiG
BGC0000758	MIBiG
BGC0000759	MIBiG
BGC0000760	MIBiG
BGC0000761	MIBiG
BGC0000762	MIBiG
BGC0000763	MIBiG
BGC0000764	MIBiG
BGC0000765	MIBiG
BGC0000766	MIBiG
BGC0000767	MIBiG
BGC0000768	MIBiG
BGC0000769	MIBiG
BGC0000770	MIBiG
BGC0000772	MIBiG
BGC0000773	MIBiG
BGC0000774	MIBiG
BGC0000775	MIBiG
BGC0000776	MIBiG
BGC0000777	MIBiG
BGC0000778	MIBiG
BGC0000779	MIBiG
BGC0000780	MIBiG
BGC0000781	MIBiG
BGC0000782	MIBiG
BGC0000783	MIBiG
BGC0000784	MIBiG
BGC0000785	MIBiG
BGC0000786	MIBiG
BGC0000787	MIBiG
BGC0000788	MIBiG
BGC0000789	MIBiG
BGC0000790	MIBiG
BGC0000791	MIBiG
BGC0000792	MIBiG
BGC0000793	MIBiG
BGC0000794	MIBiG
BGC0000795	MIBiG
BGC0000796	MIBiG
BGC0000797	MIBiG
BGC0000798	MIBiG
BGC0000799	MIBiG
BGC0000800	MIBiG
BGC0000801	MIBiG
BGC0000802	MIBiG
BGC0000803	MIBiG
BGC0000804	MIBiG
BGC0000806	MIBiG
BGC0000807	MIBiG
BGC0000809	MIBiG
BGC0000810	MIBiG
BGC0000811	MIBiG
BGC0000812	MIBiG
BGC0000813	MIBiG
BGC0000814	MIBiG
BGC0000815	MIBiG
BGC0000816	MIBiG
BGC0000817	MIBiG
BGC0000818	MIBiG
BGC0000819	MIBiG
BGC0000820	MIBiG
BGC0000821	MIBiG
BGC0000825	MIBiG
BGC0000826	MIBiG
BGC0000827	MIBiG
BGC0000829	MIBiG
BGC0000830	MIBiG
BGC0000831	MIBiG
BGC0000832	MIBiG
BGC0000833	MIBiG
BGC0000834	MIBiG
BGC0000836	MIBiG
BGC0000837	MIBiG
BGC0000838	MIBiG
BGC0000840	MIBiG
BGC0000841	MIBiG
BGC0000842	MIBiG
BGC0000843	MIBiG
BGC0000844	MIBiG
BGC0000845	MIBiG
BGC0000846	MIBiG
BGC0000847	MIBiG
BGC0000848	MIBiG
BGC0000849	MIBiG
BGC0000850	MIBiG
BGC0000851	MIBiG
BGC0000852	MIBiG
BGC0000853	MIBiG
BGC0000854	MIBiG
BGC0000855	MIBiG
BGC0000856	MIBiG
BGC0000857	MIBiG
BGC0000858	MIBiG
BGC0000859	MIBiG
BGC0000860	MIBiG
BGC0000861	MIBiG
BGC0000862	MIBiG
BGC0000863	MIBiG
BGC0000864	MIBiG
BGC0000865	MIBiG
BGC0000866	MIBiG
BGC0000867	MIBiG
BGC0000868	MIBiG
BGC0000869	MIBiG
BGC0000870	MIBiG
BGC0000871	MIBiG
BGC0000872	MIBiG
BGC0000873	MIBiG
BGC0000874	MIBiG
BGC0000875	MIBiG
BGC0000876	MIBiG
BGC0000877	MIBiG
BGC0000878	MIBiG
BGC0000879	MIBiG
BGC0000880	MIBiG
BGC0000881	MIBiG
BGC0000882	MIBiG
BGC0000883	MIBiG
BGC0000884	MIBiG
BGC0000885	MIBiG
BGC0000886	MIBiG
BGC0000888	MIBiG
BGC0000889	MIBiG
BGC0000890	MIBiG
BGC0000891	MIBiG
BGC0000892	MIBiG
BGC0000893	MIBiG
BGC0000894	MIBiG
BGC0000895	MIBiG
BGC0000896	MIBiG
BGC0000897	MIBiG
BGC0000898	MIBiG
BGC0000899	MIBiG
BGC0000900	MIBiG
BGC0000901	MIBiG
BGC0000902	MIBiG
BGC0000903	MIBiG
BGC0000904	MIBiG
BGC0000905	MIBiG
BGC0000906	MIBiG
BGC0000907	MIBiG
BGC0000908	MIBiG
BGC0000909	MIBiG
BGC0000910	MIBiG
BGC0000911	MIBiG
BGC0000912	MIBiG
BGC0000913	MIBiG
BGC0000914	MIBiG
BGC0000916	MIBiG
BGC0000917	MIBiG
BGC0000918	MIBiG
BGC0000919	MIBiG
BGC0000920	MIBiG
BGC0000921	MIBiG
BGC0000922	MIBiG
BGC0000923	MIBiG
BGC0000924	MIBiG
BGC0000925	MIBiG
BGC0000926	MIBiG
BGC0000927	MIBiG
BGC0000929	MIBiG
BGC0000930	MIBiG
BGC0000932	MIBiG
BGC0000933	MIBiG
BGC0000934	MIBiG
BGC0000935	MIBiG
BGC0000936	MIBiG
BGC0000937	MIBiG
BGC0000938	MIBiG
BGC0000939	MIBiG
BGC0000940	MIBiG
BGC0000941	MIBiG
BGC0000942	MIBiG
BGC0000943	MIBiG
BGC0000944	MIBiG
BGC0000945	MIBiG
BGC0000946	MIBiG
BGC0000947	MIBiG
BGC0000948	MIBiG
BGC0000949	MIBiG
BGC0000950	MIBiG
BGC0000951	MIBiG
BGC0000953	MIBiG
BGC0000954	MIBiG
BGC0000955	MIBiG
BGC0000956	MIBiG
BGC0000957	MIBiG
BGC0000958	MIBiG
BGC0000959	MIBiG
BGC0000960	MIBiG
BGC0000961	MIBiG
BGC0000963	MIBiG
BGC0000964	MIBiG
BGC0000965	MIBiG
BGC0000966	MIBiG
BGC0000967	MIBiG
BGC0000968	MIBiG
BGC0000969	MIBiG
BGC0000970	MIBiG
BGC0000971	MIBiG
BGC0000972	MIBiG
BGC0000973	MIBiG
BGC0000974	MIBiG
BGC0000975	MIBiG
BGC0000976	MIBiG
BGC0000977	MIBiG
BGC0000978	MIBiG
BGC0000979	MIBiG
BGC0000980	MIBiG
BGC0000981	MIBiG
BGC0000982	MIBiG
BGC0000983	MIBiG
BGC0000984	MIBiG
BGC0000985	MIBiG
BGC0000986	MIBiG
BGC0000988	MIBiG
BGC0000989	MIBiG
BGC0000990	MIBiG
BGC0000991	MIBiG
BGC0000992	MIBiG
BGC0000993	MIBiG
BGC0000994	MIBiG
BGC0000995	MIBiG
BGC0000996	MIBiG
BGC0000997	MIBiG
BGC0000998	MIBiG
BGC0000999	MIBiG
BGC0001000	MIBiG
BGC0001001	MIBiG
BGC0001002	MIBiG
BGC0001003	MIBiG
BGC0001004	MIBiG
BGC0001005	MIBiG
BGC0001006	MIBiG
BGC0001007	MIBiG
BGC0001008	MIBiG
BGC0001010	MIBiG
BGC0001011	MIBiG
BGC0001012	MIBiG
BGC0001013	MIBiG
BGC0001014	MIBiG
BGC0001015	MIBiG
BGC0001016	MIBiG
BGC0001017	MIBiG
BGC0001018	MIBiG
BGC0001019	MIBiG
BGC0001020	MIBiG
BGC0001021	MIBiG
BGC0001022	MIBiG
BGC0001023	MIBiG
BGC0001024	MIBiG
BGC0001025	MIBiG
BGC0001026	MIBiG
BGC0001027	MIBiG
BGC0001028	MIBiG
BGC0001029	MIBiG
BGC0001030	MIBiG
BGC0001031	MIBiG
BGC0001032	MIBiG
BGC0001033	MIBiG
BGC0001034	MIBiG
BGC0001035	MIBiG
BGC0001036	MIBiG
BGC0001037	MIBiG
BGC0001038	MIBiG
BGC0001039	MIBiG
BGC0001040	MIBiG
BGC0001041	MIBiG
BGC0001042	MIBiG
BGC0001043	MIBiG
BGC0001044	MIBiG
BGC0001045	MIBiG
BGC0001046	MIBiG
BGC0001047	MIBiG
BGC0001048	MIBiG
BGC0001049	MIBiG
BGC0001050	MIBiG
BGC0001051	MIBiG
BGC0001052	MIBiG
BGC0001053	MIBiG
BGC0001054	MIBiG
BGC0001055	MIBiG
BGC0001056	MIBiG
BGC0001057	MIBiG
BGC0001058	MIBiG
BGC0001059	MIBiG
BGC0001060	MIBiG
BGC0001061	MIBiG
BGC0001062	MIBiG
BGC0001063	MIBiG
BGC0001064	MIBiG
BGC0001065	MIBiG
BGC0001066	MIBiG
BGC0001067	MIBiG
BGC0001069	MIBiG
BGC0001070	MIBiG
BGC0001071	MIBiG
BGC0001072	MIBiG
BGC0001073	MIBiG
BGC0001074	MIBiG
BGC0001075	MIBiG
BGC0001076	MIBiG
BGC0001077	MIBiG
BGC0001078	MIBiG
BGC0001079	MIBiG
BGC0001080	MIBiG
BGC0001082	MIBiG
BGC0001083	MIBiG
BGC0001084	MIBiG
BGC0001088	MIBiG
BGC0001089	MIBiG
BGC0001090	MIBiG
BGC0001091	MIBiG
BGC0001093	MIBiG
BGC0001094	MIBiG
BGC0001095	MIBiG
BGC0001098	MIBiG
BGC0001099	MIBiG
BGC0001100	MIBiG
BGC0001101	MIBiG
BGC0001102	MIBiG
BGC0001103	MIBiG
BGC0001105	MIBiG
BGC0001106	MIBiG
BGC0001108	MIBiG
BGC0001109	MIBiG
BGC0001110	MIBiG
BGC0001111	MIBiG
BGC0001112	MIBiG
BGC0001113	MIBiG
BGC0001114	MIBiG
BGC0001115	MIBiG
BGC0001116	MIBiG
BGC0001117	MIBiG
BGC0001118	MIBiG
BGC0001119	MIBiG
BGC0001122	MIBiG
BGC0001123	MIBiG
BGC0001124	MIBiG
BGC0001125	MIBiG
BGC0001126	MIBiG
BGC0001127	MIBiG
BGC0001128	MIBiG
BGC0001130	MIBiG
BGC0001131	MIBiG
BGC0001132	MIBiG
BGC0001133	MIBiG
BGC0001134	MIBiG
BGC0001135	MIBiG
BGC0001136	MIBiG
BGC0001137	MIBiG
BGC0001138	MIBiG
BGC0001140	MIBiG
BGC0001141	MIBiG
BGC0001142	MIBiG
BGC0001143	MIBiG
BGC0001144	MIBiG
BGC0001145	MIBiG
BGC0001146	MIBiG
BGC0001147	MIBiG
BGC0001148	MIBiG
BGC0001149	MIBiG
BGC0001150	MIBiG
BGC0001151	MIBiG
BGC0001152	MIBiG
BGC0001153	MIBiG
BGC0001154	MIBiG
BGC0001155	MIBiG
BGC0001156	MIBiG
BGC0001157	MIBiG
BGC0001159	MIBiG
BGC0001160	MIBiG
BGC0001161	MIBiG
BGC0001162	MIBiG
BGC0001163	MIBiG
BGC0001164	MIBiG
BGC0001165	MIBiG
BGC0001166	MIBiG
BGC0001167	MIBiG
BGC0001168	MIBiG
BGC0001169	MIBiG
BGC0001170	MIBiG
BGC0001171	MIBiG
BGC0001172	MIBiG
BGC0001173	MIBiG
BGC0001174	MIBiG
BGC0001176	MIBiG
BGC0001177	MIBiG
BGC0001178	MIBiG
BGC0001179	MIBiG
BGC0001181	MIBiG
BGC0001183	MIBiG
BGC0001184	MIBiG
BGC0001185	MIBiG
BGC0001186	MIBiG
BGC0001187	MIBiG
BGC0001188	MIBiG
BGC0001189	MIBiG
BGC0001190	MIBiG
BGC0001192	MIBiG
BGC0001193	MIBiG
BGC0001194	MIBiG
BGC0001195	MIBiG
BGC0001197	MIBiG
BGC0001198	MIBiG
BGC0001199	MIBiG
BGC0001200	MIBiG
BGC0001201	MIBiG
BGC0001202	MIBiG
BGC0001203	MIBiG
BGC0001204	MIBiG
BGC0001205	MIBiG
BGC0001206	MIBiG
BGC0001207	MIBiG
BGC0001209	MIBiG
BGC0001210	MIBiG
BGC0001211	MIBiG
BGC0001212	MIBiG
BGC0001213	MIBiG
BGC0001214	MIBiG
BGC0001215	MIBiG
BGC0001216	MIBiG
BGC0001217	MIBiG
BGC0001218	MIBiG
BGC0001219	MIBiG
BGC0001220	MIBiG
BGC0001221	MIBiG
BGC0001222	MIBiG
BGC0001223	MIBiG
BGC0001224	MIBiG
BGC0001225	MIBiG
BGC0001226	MIBiG
BGC0001227	MIBiG
BGC0001228	MIBiG
BGC0001229	MIBiG
BGC0001230	MIBiG
BGC0001231	MIBiG
BGC0001233	MIBiG
BGC0001235	MIBiG
BGC0001237	MIBiG
BGC0001238	MIBiG
BGC0001239	MIBiG
BGC0001240	MIBiG
BGC0001241	MIBiG
BGC0001242	MIBiG
BGC0001244	MIBiG
BGC0001245	MIBiG
BGC0001246	MIBiG
BGC0001248	MIBiG
BGC0001249	MIBiG
BGC0001250	MIBiG
BGC0001251	MIBiG
BGC0001252	MIBiG
BGC0001254	MIBiG
BGC0001255	MIBiG
BGC0001257	MIBiG
BGC0001258	MIBiG
BGC0001260	MIBiG
BGC0001261	MIBiG
BGC0001262	MIBiG
BGC0001264	MIBiG
BGC0001266	MIBiG
BGC0001267	MIBiG
BGC0001268	MIBiG
BGC0001273	MIBiG
BGC0001275	MIBiG
BGC0001276	MIBiG
BGC0001277	MIBiG
BGC0001278	MIBiG
BGC0001281	MIBiG
BGC0001283	MIBiG
BGC0001284	MIBiG
BGC0001285	MIBiG
BGC0001286	MIBiG
BGC0001287	MIBiG
BGC0001288	MIBiG
BGC0001289	MIBiG
BGC0001290	MIBiG
BGC0001291	MIBiG
BGC0001292	MIBiG
BGC0001293	MIBiG
BGC0001294	MIBiG
BGC0001295	MIBiG
BGC0001296	MIBiG
BGC0001297	MIBiG
BGC0001298	MIBiG
BGC0001299	MIBiG
BGC0001300	MIBiG
BGC0001301	MIBiG
BGC0001302	MIBiG
BGC0001303	MIBiG
BGC0001304	MIBiG
BGC0001305	MIBiG
BGC0001306	MIBiG
BGC0001307	MIBiG
BGC0001310	MIBiG
BGC0001311	MIBiG
BGC0001312	MIBiG
BGC0001313	MIBiG
BGC0001314	MIBiG
BGC0001315	MIBiG
BGC0001316	MIBiG
BGC0001317	MIBiG
BGC0001318	MIBiG
BGC0001321	MIBiG
BGC0001322	MIBiG
BGC0001324	MIBiG
BGC0001325	MIBiG
BGC0001327	MIBiG
BGC0001328	MIBiG
BGC0001329	MIBiG
BGC0001330	MIBiG
BGC0001331	MIBiG
BGC0001332	MIBiG
BGC0001333	MIBiG
BGC0001334	MIBiG
BGC0001335	MIBiG
BGC0001336	MIBiG
BGC0001337	MIBiG
BGC0001338	MIBiG
BGC0001339	MIBiG
BGC0001340	MIBiG
BGC0001341	MIBiG
BGC0001342	MIBiG
BGC0001343	MIBiG
BGC0001344	MIBiG
BGC0001345	MIBiG
BGC0001346	MIBiG
BGC0001348	MIBiG
BGC0001349	MIBiG
BGC0001351	MIBiG
BGC0001356	MIBiG
BGC0001357	MIBiG
BGC0001358	MIBiG
BGC0001360	MIBiG
BGC0001361	MIBiG
BGC0001363	MIBiG
BGC0001364	MIBiG
BGC0001365	MIBiG
BGC0001366	MIBiG
BGC0001367	MIBiG
BGC0001368	MIBiG
BGC0001369	MIBiG
BGC0001370	MIBiG
BGC0001371	MIBiG
BGC0001372	MIBiG
BGC0001373	MIBiG
BGC0001374	MIBiG
BGC0001375	MIBiG
BGC0001376	MIBiG
BGC0001377	MIBiG
BGC0001379	MIBiG
BGC0001380	MIBiG
BGC0001381	MIBiG
BGC0001383	MIBiG
BGC0001384	MIBiG
BGC0001386	MIBiG
BGC0001387	MIBiG
BGC0001388	MIBiG
BGC0001389	MIBiG
BGC0001390	MIBiG
BGC0001391	MIBiG
BGC0001392	MIBiG
BGC0001393	MIBiG
BGC0001394	MIBiG
BGC0001395	MIBiG
BGC0001396	MIBiG
BGC0001397	MIBiG
BGC0001398	MIBiG
BGC0001399	MIBiG
BGC0001400	MIBiG
BGC0001403	MIBiG
BGC0001404	MIBiG
BGC0001405	MIBiG
BGC0001406	MIBiG
BGC0001407	MIBiG
BGC0001408	MIBiG
BGC0001409	MIBiG
BGC0001410	MIBiG
BGC0001411	MIBiG
BGC0001412	MIBiG
BGC0001413	MIBiG
BGC0001414	MIBiG
BGC0001415	MIBiG
BGC0001416	MIBiG
BGC0001417	MIBiG
BGC0001418	MIBiG
BGC0001419	MIBiG
BGC0001420	MIBiG
BGC0001421	MIBiG
BGC0001422	MIBiG
BGC0001423	MIBiG
BGC0001424	MIBiG
BGC0001425	MIBiG
BGC0001426	MIBiG
BGC0001427	MIBiG
BGC0001428	MIBiG
BGC0001429	MIBiG
BGC0001430	MIBiG
BGC0001431	MIBiG
BGC0001432	MIBiG
BGC0001433	MIBiG
BGC0001434	MIBiG
BGC0001435	MIBiG
BGC0001437	MIBiG
BGC0001438	MIBiG
BGC0001439	MIBiG
BGC0001440	MIBiG
BGC0001441	MIBiG
BGC0001442	MIBiG
BGC0001443	MIBiG
BGC0001444	MIBiG
BGC0001445	MIBiG
BGC0001446	MIBiG
BGC0001447	MIBiG
BGC0001448	MIBiG
BGC0001449	MIBiG
BGC0001451	MIBiG
BGC0001452	MIBiG
BGC0001453	MIBiG
BGC0001454	MIBiG
BGC0001455	MIBiG
BGC0001456	MIBiG
BGC0001457	MIBiG
BGC0001458	MIBiG
BGC0001459	MIBiG
BGC0001460	MIBiG
BGC0001461	MIBiG
BGC0001462	MIBiG
BGC0001463	MIBiG
BGC0001464	MIBiG
BGC0001465	MIBiG
BGC0001467	MIBiG
BGC0001468	MIBiG
BGC0001469	MIBiG
BGC0001470	MIBiG
BGC0001471	MIBiG
BGC0001472	MIBiG
BGC0001473	MIBiG
BGC0001474	MIBiG
BGC0001475	MIBiG
BGC0001477	MIBiG
BGC0001478	MIBiG
BGC0001480	MIBiG
BGC0001481	MIBiG
BGC0001483	MIBiG
BGC0001484	MIBiG
BGC0001485	MIBiG
BGC0001486	MIBiG
BGC0001488	MIBiG
BGC0001489	MIBiG
BGC0001490	MIBiG
BGC0001491	MIBiG
BGC0001492	MIBiG
BGC0001493	MIBiG
BGC0001495	MIBiG
BGC0001496	MIBiG
BGC0001498	MIBiG
BGC0001499	MIBiG
BGC0001500	MIBiG
BGC0001501	MIBiG
BGC0001502	MIBiG
BGC0001503	MIBiG
BGC0001504	MIBiG
BGC0001505	MIBiG
BGC0001506	MIBiG
BGC0001507	MIBiG
BGC0001508	MIBiG
BGC0001509	MIBiG
BGC0001510	MIBiG
BGC0001511	MIBiG
BGC0001512	MIBiG
BGC0001513	MIBiG
BGC0001514	MIBiG
BGC0001515	MIBiG
BGC0001516	MIBiG
BGC0001517	MIBiG
BGC0001518	MIBiG
BGC0001519	MIBiG
BGC0001520	MIBiG
BGC0001521	MIBiG
BGC0001522	MIBiG
BGC0001523	MIBiG
BGC0001524	MIBiG
BGC0001525	MIBiG
BGC0001526	MIBiG
BGC0001527	MIBiG
BGC0001528	MIBiG
BGC0001529	MIBiG
BGC0001531	MIBiG
BGC0001532	MIBiG
BGC0001533	MIBiG
BGC0001534	MIBiG
BGC0001535	MIBiG
BGC0001536	MIBiG
BGC0001537	MIBiG
BGC0001539	MIBiG
BGC0001540	MIBiG
BGC0001541	MIBiG
BGC0001542	MIBiG
BGC0001543	MIBiG
BGC0001544	MIBiG
BGC0001545	MIBiG
BGC0001547	MIBiG
BGC0001548	MIBiG
BGC0001549	MIBiG
BGC0001550	MIBiG
BGC0001551	MIBiG
BGC0001552	MIBiG
BGC0001553	MIBiG
BGC0001554	MIBiG
BGC0001555	MIBiG
BGC0001556	MIBiG
BGC0001558	MIBiG
BGC0001560	MIBiG
BGC0001561	MIBiG
BGC0001562	MIBiG
BGC0001563	MIBiG
BGC0001564	MIBiG
BGC0001565	MIBiG
BGC0001566	MIBiG
BGC0001567	MIBiG
BGC0001568	MIBiG
BGC0001569	MIBiG
BGC0001570	MIBiG
BGC0001571	MIBiG
BGC0001572	MIBiG
BGC0001573	MIBiG
BGC0001574	MIBiG
BGC0001575	MIBiG
BGC0001576	MIBiG
BGC0001578	MIBiG
BGC0001579	MIBiG
BGC0001580	MIBiG
BGC0001582	MIBiG
BGC0001584	MIBiG
BGC0001585	MIBiG
BGC0001586	MIBiG
BGC0001587	MIBiG
BGC0001588	MIBiG
BGC0001589	MIBiG
BGC0001590	MIBiG
BGC0001591	MIBiG
BGC0001592	MIBiG
BGC0001593	MIBiG
BGC0001594	MIBiG
BGC0001595	MIBiG
BGC0001596	MIBiG
BGC0001597	MIBiG
BGC0001600	MIBiG
BGC0001601	MIBiG
BGC0001602	MIBiG
BGC0001603	MIBiG
BGC0001604	MIBiG
BGC0001605	MIBiG
BGC0001606	MIBiG
BGC0001607	MIBiG
BGC0001608	MIBiG
BGC0001609	MIBiG
BGC0001610	MIBiG
BGC0001611	MIBiG
BGC0001612	MIBiG
BGC0001615	MIBiG
BGC0001616	MIBiG
BGC0001617	MIBiG
BGC0001618	MIBiG
BGC0001619	MIBiG
BGC0001620	MIBiG
BGC0001621	MIBiG
BGC0001622	MIBiG
BGC0001623	MIBiG
BGC0001624	MIBiG
BGC0001625	MIBiG
BGC0001626	MIBiG
BGC0001627	MIBiG
BGC0001628	MIBiG
BGC0001629	MIBiG
BGC0001630	MIBiG
BGC0001631	MIBiG
BGC0001632	MIBiG
BGC0001633	MIBiG
BGC0001634	MIBiG
BGC0001635	MIBiG
BGC0001636	MIBiG
BGC0001637	MIBiG
BGC0001638	MIBiG
BGC0001639	MIBiG
BGC0001640	MIBiG
BGC0001641	MIBiG
BGC0001642	MIBiG
BGC0001644	MIBiG
BGC0001645	MIBiG
BGC0001647	MIBiG
BGC0001648	MIBiG
BGC0001649	MIBiG
BGC0001650	MIBiG
BGC0001651	MIBiG
BGC0001652	MIBiG
BGC0001653	MIBiG
BGC0001654	MIBiG
BGC0001655	MIBiG
BGC0001656	MIBiG
BGC0001657	MIBiG
BGC0001658	MIBiG
BGC0001659	MIBiG
BGC0001660	MIBiG
BGC0001661	MIBiG
BGC0001662	MIBiG
BGC0001663	MIBiG
BGC0001665	MIBiG
BGC0001666	MIBiG
BGC0001667	MIBiG
BGC0001668	MIBiG
BGC0001670	MIBiG
BGC0001671	MIBiG
BGC0001672	MIBiG
BGC0001674	MIBiG
BGC0001675	MIBiG
BGC0001677	MIBiG
BGC0001679	MIBiG
BGC0001680	MIBiG
BGC0001681	MIBiG
BGC0001682	MIBiG
BGC0001683	MIBiG
BGC0001684	MIBiG
BGC0001685	MIBiG
BGC0001687	MIBiG
BGC0001690	MIBiG
BGC0001692	MIBiG
BGC0001693	MIBiG
BGC0001694	MIBiG
BGC0001695	MIBiG
BGC0001696	MIBiG
BGC0001699	MIBiG
BGC0001700	MIBiG
BGC0001701	MIBiG
BGC0001702	MIBiG
BGC0001703	MIBiG
BGC0001704	MIBiG
BGC0001705	MIBiG
BGC0001706	MIBiG
BGC0001707	MIBiG
BGC0001708	MIBiG
BGC0001709	MIBiG
BGC0001711	MIBiG
BGC0001712	MIBiG
BGC0001713	MIBiG
BGC0001715	MIBiG
BGC0001716	MIBiG
BGC0001717	MIBiG
BGC0001718	MIBiG
BGC0001719	MIBiG
BGC0001720	MIBiG
BGC0001721	MIBiG
BGC0001722	MIBiG
BGC0001723	MIBiG
BGC0001724	MIBiG
BGC0001725	MIBiG
BGC0001726	MIBiG
BGC0001727	MIBiG
BGC0001728	MIBiG
BGC0001729	MIBiG
BGC0001731	MIBiG
BGC0001732	MIBiG
BGC0001733	MIBiG
BGC0001735	MIBiG
BGC0001736	MIBiG
BGC0001737	MIBiG
BGC0001738	MIBiG
BGC0001739	MIBiG
BGC0001740	MIBiG
BGC0001741	MIBiG
BGC0001742	MIBiG
BGC0001743	MIBiG
BGC0001746	MIBiG
BGC0001747	MIBiG
BGC0001748	MIBiG
BGC0001749	MIBiG
BGC0001750	MIBiG
BGC0001751	MIBiG
BGC0001752	MIBiG
BGC0001753	MIBiG
BGC0001755	MIBiG
BGC0001756	MIBiG
BGC0001757	MIBiG
BGC0001758	MIBiG
BGC0001759	MIBiG
BGC0001760	MIBiG
BGC0001761	MIBiG
BGC0001762	MIBiG
BGC0001763	MIBiG
BGC0001764	MIBiG
BGC0001765	MIBiG
BGC0001768	MIBiG
BGC0001769	MIBiG
BGC0001770	MIBiG
BGC0001771	MIBiG
BGC0001772	MIBiG
BGC0001773	MIBiG
BGC0001774	MIBiG
BGC0001775	MIBiG
BGC0001776	MIBiG
BGC0001778	MIBiG
BGC0001779	MIBiG
BGC0001780	MIBiG
BGC0001781	MIBiG
BGC0001782	MIBiG
BGC0001783	MIBiG
BGC0001784	MIBiG
BGC0001785	MIBiG
BGC0001786	MIBiG
BGC0001787	MIBiG
BGC0001788	MIBiG
BGC0001789	MIBiG
BGC0001790	MIBiG
BGC0001791	MIBiG
BGC0001792	MIBiG
BGC0001793	MIBiG
BGC0001794	MIBiG
BGC0001795	MIBiG
BGC0001796	MIBiG
BGC0001797	MIBiG
BGC0001799	MIBiG
BGC0001800	MIBiG
BGC0001801	MIBiG
BGC0001802	MIBiG
BGC0001806	MIBiG
BGC0001807	MIBiG
BGC0001808	MIBiG
BGC0001809	MIBiG
BGC0001810	MIBiG
BGC0001811	MIBiG
BGC0001812	MIBiG
BGC0001813	MIBiG
BGC0001814	MIBiG
BGC0001816	MIBiG
BGC0001817	MIBiG
BGC0001818	MIBiG
BGC0001819	MIBiG
BGC0001820	MIBiG
BGC0001822	MIBiG
BGC0001823	MIBiG
BGC0001824	MIBiG
BGC0001825	MIBiG
BGC0001826	MIBiG
BGC0001827	MIBiG
BGC0001828	MIBiG
BGC0001830	MIBiG
BGC0001831	MIBiG
BGC0001833	MIBiG
BGC0001834	MIBiG
BGC0001835	MIBiG
BGC0001836	MIBiG
BGC0001838	MIBiG
BGC0001839	MIBiG
BGC0001840	MIBiG
BGC0001841	MIBiG
BGC0001842	MIBiG
BGC0001843	MIBiG
BGC0001844	MIBiG
BGC0001845	MIBiG
BGC0001846	MIBiG
BGC0001847	MIBiG
BGC0001848	MIBiG
BGC0001849	MIBiG
BGC0001850	MIBiG
BGC0001851	MIBiG
BGC0001852	MIBiG
BGC0001853	MIBiG
BGC0001854	MIBiG
BGC0001856	MIBiG
BGC0001857	MIBiG
BGC0001858	MIBiG
BGC0001859	MIBiG
BGC0001860	MIBiG
BGC0001861	MIBiG
BGC0001862	MIBiG
BGC0001863	MIBiG
BGC0001864	MIBiG
BGC0001865	MIBiG
BGC0001866	MIBiG
BGC0001867	MIBiG
BGC0001868	MIBiG
BGC0001869	MIBiG
BGC0001870	MIBiG
BGC0001872	MIBiG
BGC0001873	MIBiG
BGC0001874	MIBiG
BGC0001875	MIBiG
BGC0001876	MIBiG
BGC0001877	MIBiG
BGC0001878	MIBiG
BGC0001879	MIBiG
BGC0001880	MIBiG
BGC0001881	MIBiG
BGC0001882	MIBiG
BGC0001884	MIBiG
BGC0001885	MIBiG
BGC0001886	MIBiG
BGC0001887	MIBiG
BGC0001888	MIBiG
BGC0001889	MIBiG
BGC0001890	MIBiG
BGC0001891	MIBiG
BGC0001894	MIBiG
BGC0001895	MIBiG
BGC0001896	MIBiG
BGC0001897	MIBiG
BGC0001899	MIBiG
BGC0001902	MIBiG
BGC0001903	MIBiG
BGC0001904	MIBiG
BGC0001905	MIBiG
BGC0001906	MIBiG
BGC0001907	MIBiG
BGC0001909	MIBiG
BGC0001910	MIBiG
BGC0001911	MIBiG
BGC0001913	MIBiG
BGC0001917	MIBiG
BGC0001918	MIBiG
BGC0001919	MIBiG
BGC0001920	MIBiG
BGC0001922	MIBiG
BGC0001923	MIBiG
BGC0001924	MIBiG
BGC0001925	MIBiG
BGC0001926	MIBiG
BGC0001927	MIBiG
BGC0001928	MIBiG
BGC0001929	MIBiG
BGC0001931	MIBiG
BGC0001937	MIBiG
BGC0001940	MIBiG
BGC0001941	MIBiG
BGC0001942	MIBiG
BGC0001944	MIBiG
BGC0001945	MIBiG
BGC0001947	MIBiG
BGC0001948	MIBiG
BGC0001950	MIBiG
BGC0001951	MIBiG
BGC0001952	MIBiG
BGC0001953	MIBiG
BGC0001954	MIBiG
BGC0001955	MIBiG
BGC0001956	MIBiG
BGC0001957	MIBiG
BGC0001959	MIBiG
BGC0001960	MIBiG
BGC0001962	MIBiG
BGC0001963	MIBiG
BGC0001964	MIBiG
BGC0001965	MIBiG
BGC0001966	MIBiG
BGC0001967	MIBiG
BGC0001968	MIBiG
BGC0001969	MIBiG
BGC0001970	MIBiG
BGC0001971	MIBiG
BGC0001972	MIBiG
BGC0001974	MIBiG
BGC0001975	MIBiG
BGC0001976	MIBiG
BGC0001979	MIBiG
BGC0001980	MIBiG
BGC0001983	MIBiG
BGC0001984	MIBiG
BGC0001985	MIBiG
BGC0001986	MIBiG
BGC0001987	MIBiG
BGC0001988	MIBiG
BGC0001989	MIBiG
BGC0001991	MIBiG
BGC0001992	MIBiG
BGC0001994	MIBiG
BGC0001995	MIBiG
BGC0001996	MIBiG
BGC0001997	MIBiG
BGC0001998	MIBiG
BGC0001999	MIBiG
BGC0002000	MIBiG
BGC0002001	MIBiG
BGC0002002	MIBiG
BGC0002004	MIBiG
BGC0002005	MIBiG
BGC0002006	MIBiG
BGC0002007	MIBiG
BGC0002008	MIBiG
BGC0002009	MIBiG
BGC0002010	MIBiG
BGC0002011	MIBiG
BGC0002012	MIBiG
BGC0002013	MIBiG
BGC0002014	MIBiG
BGC0002015	MIBiG
BGC0002017	MIBiG
BGC0002018	MIBiG
BGC0002019	MIBiG
BGC0002020	MIBiG
BGC0002021	MIBiG
BGC0002022	MIBiG
BGC0002024	MIBiG
BGC0002025	MIBiG
BGC0002026	MIBiG
BGC0002028	MIBiG
BGC0002031	MIBiG
BGC0002032	MIBiG
BGC0002033	MIBiG
BGC0002034	MIBiG
BGC0002035	MIBiG
BGC0002036	MIBiG
BGC0002037	MIBiG
BGC0002038	MIBiG
BGC0002039	MIBiG
BGC0002040	MIBiG
BGC0002042	MIBiG
BGC0002043	MIBiG
BGC0002044	MIBiG
BGC0002045	MIBiG
BGC0002046	MIBiG
BGC0002047	MIBiG
BGC0002048	MIBiG
BGC0002049	MIBiG
BGC0002050	MIBiG
BGC0002051	MIBiG
BGC0002052	MIBiG
BGC0002053	MIBiG
BGC0002054	MIBiG
BGC0002055	MIBiG
BGC0002056	MIBiG
BGC0002058	MIBiG
BGC0002059	MIBiG
BGC0002060	MIBiG
BGC0002062	MIBiG
BGC0002063	MIBiG
BGC0002064	MIBiG
BGC0002066	MIBiG
BGC0002067	MIBiG
BGC0002068	MIBiG
BGC0002070	MIBiG
BGC0002071	MIBiG
BGC0002072	MIBiG
BGC0002073	MIBiG
BGC0002074	MIBiG
BGC0002075	MIBiG
BGC0002078	MIBiG
BGC0002079	MIBiG
BGC0002080	MIBiG
BGC0002081	MIBiG
BGC0002082	MIBiG
BGC0002083	MIBiG
BGC0002084	MIBiG
BGC0002085	MIBiG
BGC0002086	MIBiG
BGC0002087	MIBiG
BGC0002088	MIBiG
BGC0002089	MIBiG
BGC0002090	MIBiG
BGC0002091	MIBiG
BGC0002092	MIBiG
BGC0002093	MIBiG
BGC0002095	MIBiG
BGC0002096	MIBiG
BGC0002097	MIBiG
BGC0002098	MIBiG
BGC0002099	MIBiG
BGC0002100	MIBiG
BGC0002101	MIBiG
BGC0002102	MIBiG
BGC0002103	MIBiG
BGC0002104	MIBiG
BGC0002106	MIBiG
BGC0002107	MIBiG
BGC0002108	MIBiG
BGC0002109	MIBiG
BGC0002110	MIBiG
BGC0002111	MIBiG
BGC0002114	MIBiG
BGC0002115	MIBiG
BGC0002117	MIBiG
BGC0002118	MIBiG
BGC0002119	MIBiG
BGC0002120	MIBiG
BGC0002122	MIBiG
BGC0002123	MIBiG
BGC0002124	MIBiG
BGC0002125	MIBiG
BGC0002126	MIBiG
BGC0002127	MIBiG
BGC0002128	MIBiG
BGC0002129	MIBiG
BGC0002130	MIBiG
BGC0002131	MIBiG
BGC0002132	MIBiG
BGC0002133	MIBiG
BGC0002134	MIBiG
BGC0002135	MIBiG
BGC0002136	MIBiG
BGC0002137	MIBiG
BGC0002138	MIBiG
BGC0002139	MIBiG
BGC0002140	MIBiG
BGC0002141	MIBiG
BGC0002142	MIBiG
BGC0002143	MIBiG
BGC0002144	MIBiG
BGC0002146	MIBiG
BGC0002147	MIBiG
BGC0002148	MIBiG
BGC0002149	MIBiG
BGC0002150	MIBiG
BGC0002151	MIBiG
BGC0002152	MIBiG
BGC0002153	MIBiG
BGC0002154	MIBiG
BGC0002155	MIBiG
BGC0002157	MIBiG
BGC0002158	MIBiG
BGC0002161	MIBiG
BGC0002162	MIBiG
BGC0002163	MIBiG
BGC0002164	MIBiG
BGC0002165	MIBiG
BGC0002167	MIBiG
BGC0002168	MIBiG
BGC0002169	MIBiG
BGC0002170	MIBiG
BGC0002171	MIBiG
BGC0002172	MIBiG
BGC0002173	MIBiG
BGC0002174	MIBiG
BGC0002175	MIBiG
BGC0002176	MIBiG
BGC0002177	MIBiG
BGC0002180	MIBiG
BGC0002181	MIBiG
BGC0002185	MIBiG
BGC0002186	MIBiG
BGC0002187	MIBiG
BGC0002188	MIBiG
BGC0002190	MIBiG
BGC0002191	MIBiG
BGC0002192	MIBiG
BGC0002193	MIBiG
BGC0002194	MIBiG
BGC0002195	MIBiG
BGC0002196	MIBiG
BGC0002197	MIBiG
BGC0002198	MIBiG
BGC0002199	MIBiG
BGC0002203	MIBiG
BGC0002204	MIBiG
BGC0002205	MIBiG
BGC0002206	MIBiG
BGC0002207	MIBiG
BGC0002208	MIBiG
BGC0002209	MIBiG
BGC0002210	MIBiG
BGC0002211	MIBiG
BGC0002212	MIBiG
BGC0002213	MIBiG
BGC0002214	MIBiG
BGC0002215	MIBiG
BGC0002216	MIBiG
BGC0002218	MIBiG
BGC0002219	MIBiG
BGC0002220	MIBiG
BGC0002221	MIBiG
BGC0002222	MIBiG
BGC0002225	MIBiG
BGC0002226	MIBiG
BGC0002227	MIBiG
BGC0002228	MIBiG
BGC0002229	MIBiG
BGC0002230	MIBiG
BGC0002232	MIBiG
BGC0002233	MIBiG
BGC0002234	MIBiG
BGC0002235	MIBiG
BGC0002236	MIBiG
BGC0002237	MIBiG
BGC0002238	MIBiG
BGC0002239	MIBiG
BGC0002240	MIBiG
BGC0002242	MIBiG
BGC0002244	MIBiG
BGC0002245	MIBiG
BGC0002246	MIBiG
BGC0002248	MIBiG
BGC0002249	MIBiG
BGC0002250	MIBiG
BGC0002253	MIBiG
BGC0002254	MIBiG
BGC0002255	MIBiG
BGC0002256	MIBiG
BGC0002257	MIBiG
BGC0002258	MIBiG
BGC0002259	MIBiG
BGC0002260	MIBiG
BGC0002261	MIBiG
BGC0002262	MIBiG
BGC0002264	MIBiG
BGC0002266	MIBiG
BGC0002267	MIBiG
BGC0002268	MIBiG
BGC0002270	MIBiG
BGC0002271	MIBiG
BGC0002272	MIBiG
BGC0002273	MIBiG
BGC0002274	MIBiG
BGC0002275	MIBiG
BGC0002276	MIBiG
BGC0002277	MIBiG
BGC0002278	MIBiG
BGC0002282	MIBiG
BGC0002283	MIBiG
BGC0002284	MIBiG
BGC0002285	MIBiG
BGC0002286	MIBiG
BGC0002287	MIBiG
BGC0002288	MIBiG
BGC0002289	MIBiG
BGC0002290	MIBiG
BGC0002291	MIBiG
BGC0002293	MIBiG
BGC0002294	MIBiG
BGC0002295	MIBiG
BGC0002296	MIBiG
BGC0002297	MIBiG
BGC0002298	MIBiG
BGC0002300	MIBiG
BGC0002301	MIBiG
BGC0002302	MIBiG
BGC0002303	MIBiG
BGC0002304	MIBiG
BGC0002305	MIBiG
BGC0002306	MIBiG
BGC0002307	MIBiG
BGC0002308	MIBiG
BGC0002309	MIBiG
BGC0002311	MIBiG
BGC0002312	MIBiG
BGC0002313	MIBiG
BGC0002314	MIBiG
BGC0002315	MIBiG
BGC0002316	MIBiG
BGC0002317	MIBiG
BGC0002318	MIBiG
BGC0002319	MIBiG
BGC0002320	MIBiG
BGC0002321	MIBiG
BGC0002322	MIBiG
BGC0002323	MIBiG
BGC0002324	MIBiG
BGC0002326	MIBiG
BGC0002327	MIBiG
BGC0002328	MIBiG
BGC0002329	MIBiG
BGC0002330	MIBiG
BGC0002331	MIBiG
BGC0002332	MIBiG
BGC0002333	MIBiG
BGC0002334	MIBiG
BGC0002336	MIBiG
BGC0002337	MIBiG
BGC0002338	MIBiG
BGC0002339	MIBiG
BGC0002340	MIBiG
BGC0002341	MIBiG
BGC0002342	MIBiG
BGC0002343	MIBiG
BGC0002344	MIBiG
BGC0002345	MIBiG
BGC0002346	MIBiG
BGC0002347	MIBiG
BGC0002348	MIBiG
BGC0002349	MIBiG
BGC0002350	MIBiG
BGC0002351	MIBiG
BGC0002352	MIBiG
BGC0002354	MIBiG
BGC0002355	MIBiG
BGC0002356	MIBiG
BGC0002357	MIBiG
BGC0002358	MIBiG
BGC0002359	MIBiG
BGC0002360	MIBiG
BGC0002361	MIBiG
BGC0002362	MIBiG
BGC0002363	MIBiG
BGC0002364	MIBiG
BGC0002365	MIBiG
BGC0002366	MIBiG
BGC0002367	MIBiG
BGC0002369	MIBiG
BGC0002370	MIBiG
BGC0002372	MIBiG
BGC0002373	MIBiG
BGC0002374	MIBiG
BGC0002376	MIBiG
BGC0002377	MIBiG
BGC0002378	MIBiG
BGC0002379	MIBiG
BGC0002381	MIBiG
BGC0002382	MIBiG
BGC0002383	MIBiG
BGC0002384	MIBiG
BGC0002385	MIBiG
BGC0002386	MIBiG
BGC0002387	MIBiG
BGC0002390	MIBiG
BGC0002391	MIBiG
BGC0002392	MIBiG
BGC0002393	MIBiG
BGC0002394	MIBiG
BGC0002395	MIBiG
BGC0002397	MIBiG
BGC0002398	MIBiG
BGC0002400	MIBiG
BGC0002401	MIBiG
BGC0002402	MIBiG
BGC0002403	MIBiG
BGC0002404	MIBiG
BGC0002405	MIBiG
BGC0002406	MIBiG
BGC0002407	MIBiG
BGC0002408	MIBiG
BGC0002409	MIBiG
BGC0002410	MIBiG
BGC0002411	MIBiG
BGC0002412	MIBiG
BGC0002413	MIBiG
BGC0002414	MIBiG
BGC0002415	MIBiG
BGC0002416	MIBiG
BGC0002417	MIBiG
BGC0002418	MIBiG
BGC0002419	MIBiG
BGC0002420	MIBiG
BGC0002421	MIBiG
BGC0002422	MIBiG
BGC0002423	MIBiG
BGC0002424	MIBiG
BGC0002425	MIBiG
BGC0002426	MIBiG
BGC0002427	MIBiG
BGC0002429	MIBiG
BGC0002430	MIBiG
BGC0002431	MIBiG
BGC0002432	MIBiG
BGC0002433	MIBiG
BGC0002434	MIBiG
BGC0002435	MIBiG
BGC0002436	MIBiG
BGC0002438	MIBiG
BGC0002439	MIBiG
BGC0002440	MIBiG
BGC0002441	MIBiG
BGC0002442	MIBiG
BGC0002443	MIBiG
BGC0002445	MIBiG
BGC0002446	MIBiG
BGC0002447	MIBiG
BGC0002448	MIBiG
BGC0002449	MIBiG
BGC0002450	MIBiG
BGC0002451	MIBiG
BGC0002452	MIBiG
BGC0002453	MIBiG
BGC0002454	MIBiG
BGC0002455	MIBiG
BGC0002456	MIBiG
BGC0002458	MIBiG
BGC0002460	MIBiG
BGC0002461	MIBiG
BGC0002462	MIBiG
BGC0002464	MIBiG
BGC0002465	MIBiG
BGC0002466	MIBiG
BGC0002467	MIBiG
BGC0002468	MIBiG
BGC0002469	MIBiG
BGC0002470	MIBiG
BGC0002471	MIBiG
BGC0002472	MIBiG
BGC0002473	MIBiG
BGC0002474	MIBiG
BGC0002475	MIBiG
BGC0002476	MIBiG
BGC0002477	MIBiG
BGC0002478	MIBiG
BGC0002479	MIBiG
BGC0002480	MIBiG
BGC0002482	MIBiG
BGC0002483	MIBiG
BGC0002484	MIBiG
BGC0002485	MIBiG
BGC0002487	MIBiG
BGC0002488	MIBiG
BGC0002489	MIBiG
BGC0002490	MIBiG
BGC0002491	MIBiG
BGC0002492	MIBiG
BGC0002493	MIBiG
BGC0002494	MIBiG
BGC0002495	MIBiG
BGC0002496	MIBiG
BGC0002497	MIBiG
BGC0002498	MIBiG
BGC0002499	MIBiG
BGC0002500	MIBiG
BGC0002501	MIBiG
BGC0002502	MIBiG
BGC0002503	MIBiG
BGC0002504	MIBiG
BGC0002505	MIBiG
BGC0002506	MIBiG
BGC0002507	MIBiG
BGC0002508	MIBiG
BGC0002509	MIBiG
BGC0002510	MIBiG
BGC0002512	MIBiG
BGC0002514	MIBiG
BGC0002515	MIBiG
BGC0002517	MIBiG
BGC0002518	MIBiG
BGC0002520	MIBiG
BGC0002521	MIBiG
BGC0002522	MIBiG
BGC0002523	MIBiG
BGC0002524	MIBiG
BGC0002525	MIBiG
BGC0002526	MIBiG
BGC0002527	MIBiG
BGC0002528	MIBiG
BGC0002529	MIBiG
BGC0002530	MIBiG
BGC0002531	MIBiG
BGC0002532	MIBiG
BGC0002533	MIBiG
BGC0002535	MIBiG
BGC0002536	MIBiG
BGC0002537	MIBiG
BGC0002538	MIBiG
BGC0002539	MIBiG
BGC0002540	MIBiG
BGC0002541	MIBiG
BGC0002542	MIBiG
BGC0002543	MIBiG
BGC0002544	MIBiG
BGC0002545	MIBiG
BGC0002546	MIBiG
BGC0002547	MIBiG
BGC0002548	MIBiG
BGC0002550	MIBiG
BGC0002551	MIBiG
BGC0002552	MIBiG
BGC0002553	MIBiG
BGC0002554	MIBiG
BGC0002555	MIBiG
BGC0002556	MIBiG
BGC0002557	MIBiG
BGC0002558	MIBiG
BGC0002559	MIBiG
BGC0002560	MIBiG
BGC0002561	MIBiG
BGC0002563	MIBiG
BGC0002564	MIBiG
BGC0002565	MIBiG
BGC0002567	MIBiG
BGC0002568	MIBiG
BGC0002569	MIBiG
BGC0002570	MIBiG
BGC0002571	MIBiG
BGC0002572	MIBiG
BGC0002573	MIBiG
BGC0002575	MIBiG
BGC0002576	MIBiG
BGC0002577	MIBiG
BGC0002578	MIBiG
BGC0002579	MIBiG
BGC0002580	MIBiG
BGC0002581	MIBiG
BGC0002582	MIBiG
BGC0002583	MIBiG
BGC0002584	MIBiG
BGC0002586	MIBiG
BGC0002587	MIBiG
BGC0002588	MIBiG
BGC0002591	MIBiG
BGC0002592	MIBiG
BGC0002594	MIBiG
BGC0002596	MIBiG
BGC0002597	MIBiG
BGC0002598	MIBiG
BGC0002602	MIBiG
BGC0002603	MIBiG
BGC0002604	MIBiG
BGC0002605	MIBiG
BGC0002606	MIBiG
BGC0002607	MIBiG
BGC0002608	MIBiG
BGC0002609	MIBiG
BGC0002610	MIBiG
BGC0002611	MIBiG
BGC0002612	MIBiG
BGC0002613	MIBiG
BGC0002614	MIBiG
BGC0002615	MIBiG
BGC0002616	MIBiG
BGC0002617	MIBiG
BGC0002619	MIBiG
BGC0002620	MIBiG
BGC0002621	MIBiG
BGC0002622	MIBiG
BGC0002623	MIBiG
BGC0002625	MIBiG
BGC0002626	MIBiG
BGC0002629	MIBiG
BGC0002631	MIBiG
BGC0002633	MIBiG
BGC0002634	MIBiG
BGC0002635	MIBiG
BGC0002637	MIBiG
BGC0002638	MIBiG
BGC0002639	MIBiG
BGC0002640	MIBiG
BGC0002641	MIBiG
BGC0002642	MIBiG
BGC0002643	MIBiG
BGC0002644	MIBiG
BGC0002645	MIBiG
BGC0002646	MIBiG
BGC0002648	MIBiG
BGC0002649	MIBiG
BGC0002651	MIBiG
BGC0002652	MIBiG
BGC0002653	MIBiG
BGC0002654	MIBiG
BGC0002656	MIBiG
BGC0002657	MIBiG
BGC0002659	MIBiG
BGC0002660	MIBiG
BGC0002661	MIBiG
BGC0002663	MIBiG
BGC0002665	MIBiG
BGC0002666	MIBiG
BGC0002667	MIBiG
BGC0002668	MIBiG
BGC0002669	MIBiG
BGC0002670	MIBiG
BGC0002671	MIBiG
BGC0002672	MIBiG
BGC0002673	MIBiG
BGC0002674	MIBiG
BGC0002675	MIBiG
BGC0002676	MIBiG
BGC0002677	MIBiG
BGC0002678	MIBiG
BGC0002679	MIBiG
BGC0002680	MIBiG
BGC0002681	MIBiG
BGC0002682	MIBiG
BGC0002683	MIBiG
BGC0002685	MIBiG
BGC0002686	MIBiG
BGC0002687	MIBiG
BGC0002688	MIBiG
BGC0002689	MIBiG
BGC0002690	MIBiG
BGC0002691	MIBiG
BGC0002692	MIBiG
BGC0002693	MIBiG
BGC0002694	MIBiG
BGC0002695	MIBiG
BGC0002696	MIBiG
BGC0002697	MIBiG
BGC0002698	MIBiG
BGC0002699	MIBiG
BGC0002700	MIBiG
BGC0002701	MIBiG
BGC0002702	MIBiG
BGC0002703	MIBiG
BGC0002704	MIBiG
BGC0002706	MIBiG
BGC0002707	MIBiG
BGC0002708	MIBiG
BGC0002709	MIBiG
BGC0002710	MIBiG
BGC0002711	MIBiG
BGC0002712	MIBiG
BGC0002713	MIBiG
BGC0002715	MIBiG
BGC0002716	MIBiG
BGC0002718	MIBiG
BGC0002719	MIBiG
BGC0002721	MIBiG
BGC0002722	MIBiG
BGC0002723	MIBiG
BGC0002724	MIBiG
BGC0002725	MIBiG
BGC0002726	MIBiG
BGC0002729	MIBiG
BGC0002731	MIBiG
BGC0002732	MIBiG
BGC0002733	MIBiG
BGC0002734	MIBiG
BGC0002735	MIBiG
BGC0002736	MIBiG
BGC0002745	MIBiG
BGC0002746	MIBiG
BGC0002747	MIBiG
BGC0002749	MIBiG
BGC0002750	MIBiG
BGC0002751	MIBiG
BGC0002752	MIBiG
BGC0002754	MIBiG
BGC0002755	MIBiG
BGC0002758	MIBiG
BGC0002759	MIBiG
BGC0002760	MIBiG
BGC0002765	MIBiG
BGC0002768	MIBiG
BGC0002775	MIBiG
BGC0002779	MIBiG
BGC0002786	MIBiG
BGC0002788	MIBiG
BGC0002789	MIBiG
BGC0002804	MIBiG
BGC0002805	MIBiG
BGC0002806	MIBiG
BGC0002808	MIBiG
BGC0002810	MIBiG
BGC0002812	MIBiG
BGC0002813	MIBiG
BGC0002814	MIBiG
BGC0002815	MIBiG
BGC0002816	MIBiG
BGC0002825	MIBiG
BGC0002826	MIBiG
BGC0002835	MIBiG
BGC0002846	MIBiG
BGC0002847	MIBiG
BGC0002849	MIBiG
BGC0002850	MIBiG
BGC0002851	MIBiG
BGC0002852	MIBiG
BGC0002855	MIBiG
BGC0002859	MIBiG
BGC0002860	MIBiG
BGC0002861	MIBiG
BGC0002862	MIBiG
BGC0002863	MIBiG
BGC0002864	MIBiG
BGC0002865	MIBiG
BGC0002866	MIBiG
BGC0002867	MIBiG
BGC0002868	MIBiG
BGC0002869	MIBiG
BGC0002871	MIBiG
BGC0002872	MIBiG
BGC0002873	MIBiG
BGC0002877	MIBiG
BGC0002878	MIBiG
BGC0002879	MIBiG
BGC0002880	MIBiG
BGC0002881	MIBiG
BGC0002884	MIBiG
BGC0002886	MIBiG
BGC0002887	MIBiG
BGC0002890	MIBiG
BGC0002892	MIBiG
BGC0002897	MIBiG
BGC0002899	MIBiG
BGC0002900	MIBiG
BGC0002901	MIBiG
BGC0002903	MIBiG
BGC0002904	MIBiG
BGC0002906	MIBiG
BGC0002909	MIBiG
BGC0002911	MIBiG
BGC0002912	MIBiG
BGC0002913	MIBiG
BGC0002914	MIBiG
BGC0002915	MIBiG
BGC0002918	MIBiG
BGC0002919	MIBiG
BGC0002926	MIBiG
BGC0002928	MIBiG
BGC0002929	MIBiG
BGC0002930	MIBiG
BGC0002931	MIBiG
BGC0002932	MIBiG
BGC0002934	MIBiG
BGC0002939	MIBiG
BGC0002940	MIBiG
BGC0002943	MIBiG
BGC0002944	MIBiG
BGC0002948	MIBiG
BGC0002949	MIBiG
BGC0002950	MIBiG
BGC0002953	MIBiG
BGC0002954	MIBiG
BGC0002955	MIBiG
BGC0002956	MIBiG
BGC0002957	MIBiG
BGC0002958	MIBiG
BGC0002959	MIBiG
BGC0002961	MIBiG
BGC0002962	MIBiG
BGC0002964	MIBiG
BGC0002965	MIBiG
BGC0002966	MIBiG
BGC0002967	MIBiG
BGC0002968	MIBiG
BGC0002969	MIBiG
BGC0002970	MIBiG
BGC0002974	MIBiG
BGC0002977	MIBiG
BGC0002978	MIBiG
BGC0002981	MIBiG
BGC0002982	MIBiG
BGC0002983	MIBiG
BGC0002986	MIBiG
BGC0002987	MIBiG
BGC0002988	MIBiG
BGC0002989	MIBiG
BGC0002990	MIBiG
BGC0002991	MIBiG
BGC0002992	MIBiG
BGC0002993	MIBiG
BGC0002994	MIBiG
BGC0002995	MIBiG
BGC0002996	MIBiG
BGC0002999	MIBiG
BGC0003000	MIBiG
BGC0003002	MIBiG
BGC0003004	MIBiG
BGC0003005	MIBiG
BGC0003006	MIBiG
BGC0003007	MIBiG
BGC0003010	MIBiG
BGC0003011	MIBiG
BGC0003015	MIBiG
BGC0003017	MIBiG
BGC0003019	MIBiG
BGC0003023	MIBiG
BGC0003024	MIBiG
BGC0003025	MIBiG
BGC0003027	MIBiG
BGC0003028	MIBiG
BGC0003029	MIBiG
BGC0003037	MIBiG
BGC0003038	MIBiG
BGC0003040	MIBiG
BGC0003041	MIBiG
BGC0003042	MIBiG
BGC0003043	MIBiG
BGC0003044	MIBiG
BGC0003047	MIBiG
BGC0003048	MIBiG
BGC0003049	MIBiG
BGC0003050	MIBiG
BGC0003051	MIBiG
BGC0003053	MIBiG
BGC0003054	MIBiG
BGC0003058	MIBiG
BGC0003060	MIBiG
BGC0003062	MIBiG
BGC0003063	MIBiG
BGC0003065	MIBiG
BGC0003066	MIBiG
BGC0003067	MIBiG
BGC0003069	MIBiG
BGC0003070	MIBiG
BGC0003072	MIBiG
BGC0003073	MIBiG
BGC0003075	MIBiG
BGC0003076	MIBiG
BGC0003077	MIBiG
BGC0003078	MIBiG
BGC0003079	MIBiG
BGC0003080	MIBiG
BGC0003082	MIBiG
BGC0003083	MIBiG
BGC0003084	MIBiG
BGC0003085	MIBiG
BGC0003088	MIBiG
BGC0003089	MIBiG
BGC0003094	MIBiG
BGC0003095	MIBiG
BGC0003096	MIBiG
BGC0003097	MIBiG
BGC0003099	MIBiG
BGC0003100	MIBiG
BGC0003101	MIBiG
BGC0003103	MIBiG
BGC0003104	MIBiG
BGC0003107	MIBiG
BGC0003108	MIBiG
BGC0003109	MIBiG
BGC0003114	MIBiG
BGC0003115	MIBiG
BGC0003117	MIBiG
BGC0003119	MIBiG
BGC0003126	MIBiG
BGC0003130	MIBiG
BGC0003134	MIBiG
BGC0003135	MIBiG
BGC0003137	MIBiG
BGC0003140	MIBiG
BGC0003141	MIBiG
BGC0003143	MIBiG
BGC0003145	MIBiG
BGC0003150	MIBiG
BGC0003151	MIBiG
BGC0003152	MIBiG
BGC0003153	MIBiG
BGC0003154	MIBiG
BGC0003155	MIBiG
BGC0003156	MIBiG
BGC0003157	MIBiG
BGC0003158	MIBiG
BGC0003159	MIBiG
BGC0003160	MIBiG
BGC0003161	MIBiG
BGC0003162	MIBiG
BGC0003163	MIBiG
BGC0003164	MIBiG
BGC0003165	MIBiG
BGC0003168	MIBiG
BGC0003169	MIBiG
BGC0003170	MIBiG
BGC0000005	DeepBGC-unique
BGC0000015	DeepBGC-unique
BGC0000025	DeepBGC-unique
BGC0000049	DeepBGC-unique
BGC0000061	DeepBGC-unique
BGC0000089	DeepBGC-unique
BGC0000095	DeepBGC-unique
BGC0000108	DeepBGC-unique
BGC0000155	DeepBGC-unique
BGC0000206	DeepBGC-unique
BGC0000228	DeepBGC-unique
BGC0000230	DeepBGC-unique
BGC0000246	DeepBGC-unique
BGC0000250	DeepBGC-unique
BGC0000251	DeepBGC-unique
BGC0000276	DeepBGC-unique
BGC0000284	DeepBGC-unique
BGC0000299	DeepBGC-unique
BGC0000314	DeepBGC-unique
BGC0000317	DeepBGC-unique
BGC0000318	DeepBGC-unique
BGC0000338	DeepBGC-unique
BGC0000356	DeepBGC-unique
BGC0000358	DeepBGC-unique
BGC0000361	DeepBGC-unique
BGC0000370	DeepBGC-unique
BGC0000389	DeepBGC-unique
BGC0000406	DeepBGC-unique
BGC0000456	DeepBGC-unique
BGC0000458	DeepBGC-unique
BGC0000462	DeepBGC-unique
BGC0000463	DeepBGC-unique
BGC0000481	DeepBGC-unique
BGC0000596	DeepBGC-unique
BGC0000629	DeepBGC-unique
BGC0000655	DeepBGC-unique
BGC0000661	DeepBGC-unique
BGC0000680	DeepBGC-unique
BGC0000691	DeepBGC-unique
BGC0000695	DeepBGC-unique
BGC0000697	DeepBGC-unique
BGC0000710	DeepBGC-unique
BGC0000717	DeepBGC-unique
BGC0000718	DeepBGC-unique
BGC0000726	DeepBGC-unique
BGC0000750	DeepBGC-unique
BGC0000771	DeepBGC-unique
BGC0000805	DeepBGC-unique
BGC0000808	DeepBGC-unique
BGC0000822	DeepBGC-unique
BGC0000823	DeepBGC-unique
BGC0000824	DeepBGC-unique
BGC0000828	DeepBGC-unique
BGC0000835	DeepBGC-unique
BGC0000839	DeepBGC-unique
BGC0000887	DeepBGC-unique
BGC0000915	DeepBGC-unique
BGC0000928	DeepBGC-unique
BGC0000931	DeepBGC-unique
BGC0000952	DeepBGC-unique
BGC0000962	DeepBGC-unique
BGC0001009	DeepBGC-unique
BGC0001068	DeepBGC-unique
BGC0001081	DeepBGC-unique
BGC0001085	DeepBGC-unique
BGC0001086	DeepBGC-unique
BGC0001087	DeepBGC-unique
BGC0001092	DeepBGC-unique
BGC0001096	DeepBGC-unique
BGC0001104	DeepBGC-unique
BGC0001107	DeepBGC-unique
BGC0001120	DeepBGC-unique
BGC0001121	DeepBGC-unique
BGC0001158	DeepBGC-unique
BGC0001180	DeepBGC-unique
BGC0001182	DeepBGC-unique
BGC0001191	DeepBGC-unique
BGC0001196	DeepBGC-unique
BGC0001208	DeepBGC-unique
BGC0001232	DeepBGC-unique
BGC0001234	DeepBGC-unique
BGC0001236	DeepBGC-unique
BGC0001243	DeepBGC-unique
BGC0001247	DeepBGC-unique
BGC0001253	DeepBGC-unique
BGC0001256	DeepBGC-unique
BGC0001259	DeepBGC-unique
BGC0001263	DeepBGC-unique
BGC0001265	DeepBGC-unique
BGC0001269	DeepBGC-unique
BGC0001270	DeepBGC-unique
BGC0001271	DeepBGC-unique
BGC0001272	DeepBGC-unique
BGC0001274	DeepBGC-unique
BGC0001279	DeepBGC-unique
BGC0001280	DeepBGC-unique
BGC0001282	DeepBGC-unique
BGC0001308	DeepBGC-unique
BGC0001309	DeepBGC-unique
BGC0001319	DeepBGC-unique
BGC0001320	DeepBGC-unique
BGC0001323	DeepBGC-unique
BGC0001347	DeepBGC-unique
BGC0001350	DeepBGC-unique
BGC0001352	DeepBGC-unique
BGC0001353	DeepBGC-unique
BGC0001354	DeepBGC-unique
BGC0001355	DeepBGC-unique
BGC0001359	DeepBGC-unique
BGC0001362	DeepBGC-unique
BGC0001378	DeepBGC-unique
BGC0001382	DeepBGC-unique
BGC0001385	DeepBGC-unique
BGC0001401	DeepBGC-unique
BGC0001402	DeepBGC-unique
BGC0001436	DeepBGC-unique
BGC0001450	DeepBGC-unique
BGC0001466	DeepBGC-unique
BGC0001476	DeepBGC-unique
BGC0001479	DeepBGC-unique
BGC0001482	DeepBGC-unique
BGC0001487	DeepBGC-unique
BGC0001494	DeepBGC-unique
BGC0001497	DeepBGC-unique
BGC0001530	DeepBGC-unique
BGC0001538	DeepBGC-unique
BGC0001546	DeepBGC-unique
BGC0001557	DeepBGC-unique
BGC0001559	DeepBGC-unique
BGC0001577	DeepBGC-unique
BGC0001581	DeepBGC-unique
BGC0001583	DeepBGC-unique
BGC0001598	DeepBGC-unique
BGC0001599	DeepBGC-unique
BGC0001613	DeepBGC-unique
BGC0001614	DeepBGC-unique
BGC0001643	DeepBGC-unique
BGC0001646	DeepBGC-unique
BGC0001664	DeepBGC-unique
BGC0001669	DeepBGC-unique
BGC0001673	DeepBGC-unique
BGC0001676	DeepBGC-unique
BGC0001678	DeepBGC-unique
BGC0001686	DeepBGC-unique
BGC0001688	DeepBGC-unique
BGC0001689	DeepBGC-unique
BGC0001691	DeepBGC-unique
BGC0001697	DeepBGC-unique
BGC0001698	DeepBGC-unique
BGC0001710	DeepBGC-unique
BGC0001714	DeepBGC-unique
BGC0001730	DeepBGC-unique
BGC0001734	DeepBGC-unique
BGC0001745	DeepBGC-unique
BGC0001754	DeepBGC-unique
BGC0001766	DeepBGC-unique
BGC0001767	DeepBGC-unique
BGC0001777	DeepBGC-unique
BGC0001798	DeepBGC-unique
BGC0001803	DeepBGC-unique
BGC0001804	DeepBGC-unique
BGC0001805	DeepBGC-unique
BGC0001815	DeepBGC-unique
BGC0001821	DeepBGC-unique
BGC0001829	DeepBGC-unique
BGC0001832	DeepBGC-unique
